{
  "PutAPI" : {
    "transaction" : "PutAPI",
    "sampleCount" : 5,
    "errorCount" : 0,
    "errorPct" : 0.0,
    "meanResTime" : 321.2,
    "medianResTime" : 321.0,
    "minResTime" : 315.0,
    "maxResTime" : 331.0,
    "pct1ResTime" : 331.0,
    "pct2ResTime" : 331.0,
    "pct3ResTime" : 331.0,
    "throughput" : 13.368983957219251,
    "receivedKBytesPerSec" : 10.400129512032086,
    "sentKBytesPerSec" : 2.976687834224599
  },
  "Total" : {
    "transaction" : "Total",
    "sampleCount" : 20,
    "errorCount" : 0,
    "errorPct" : 0.0,
    "meanResTime" : 427.2,
    "medianResTime" : 324.5,
    "minResTime" : 304.0,
    "maxResTime" : 1061.0,
    "pct1ResTime" : 915.1000000000004,
    "pct2ResTime" : 1054.6999999999998,
    "pct3ResTime" : 1061.0,
    "throughput" : 9.629272989889264,
    "receivedKBytesPerSec" : 9.806530603033222,
    "sentKBytesPerSec" : 1.8548575168512278
  },
  "GetAPI" : {
    "transaction" : "GetAPI",
    "sampleCount" : 5,
    "errorCount" : 0,
    "errorPct" : 0.0,
    "meanResTime" : 720.8,
    "medianResTime" : 736.0,
    "minResTime" : 336.0,
    "maxResTime" : 1061.0,
    "pct1ResTime" : 1061.0,
    "pct2ResTime" : 1061.0,
    "pct3ResTime" : 1061.0,
    "throughput" : 4.708097928436911,
    "receivedKBytesPerSec" : 8.49204772834275,
    "sentKBytesPerSec" : 0.5977077448210922
  },
  "PostAPI" : {
    "transaction" : "PostAPI",
    "sampleCount" : 5,
    "errorCount" : 0,
    "errorPct" : 0.0,
    "meanResTime" : 348.0,
    "medianResTime" : 348.0,
    "minResTime" : 319.0,
    "maxResTime" : 378.0,
    "pct1ResTime" : 378.0,
    "pct2ResTime" : 378.0,
    "pct3ResTime" : 378.0,
    "throughput" : 13.227513227513226,
    "receivedKBytesPerSec" : 10.491588128306878,
    "sentKBytesPerSec" : 2.841848544973545
  },
  "DeleteAPI" : {
    "transaction" : "DeleteAPI",
    "sampleCount" : 5,
    "errorCount" : 0,
    "errorPct" : 0.0,
    "meanResTime" : 318.8,
    "medianResTime" : 322.0,
    "minResTime" : 304.0,
    "maxResTime" : 324.0,
    "pct1ResTime" : 324.0,
    "pct2ResTime" : 324.0,
    "pct3ResTime" : 324.0,
    "throughput" : 13.440860215053764,
    "receivedKBytesPerSec" : 9.392851142473118,
    "sentKBytesPerSec" : 2.769552251344086
  }
}